{
    "left_camera": {
        "matrix": [
            [
                982.6092245580564,
                0.0,
                634.4875499001336
            ],
            [
                0.0,
                980.6961415333275,
                360.76769051716457
            ],
            [
                0.0,
                0.0,
                1.0
            ]
        ],
        "distortion": [
            [
                -0.5553273388834578,
                0.46623843458720193,
                0.0017533758427258099,
                -0.0012195212670231615,
                -0.2490172142747216
            ]
        ]
    },
    "right_camera": {
        "matrix": [
            [
                989.4622526566694,
                0.0,
                613.55919957331
            ],
            [
                0.0,
                989.8249071672162,
                335.6721285759285
            ],
            [
                0.0,
                0.0,
                1.0
            ]
        ],
        "distortion": [
            [
                -0.5172544193761841,
                0.3436908271415489,
                0.001095094351449141,
                0.007036740613665229,
                -0.1014769554729703
            ]
        ]
    }
}