{
    "reprojection_error": 0.9203845664629945,
    "R": [
        [
            0.9994221322200086,
            0.0011001702084512477,
            0.03397339038606581
        ],
        [
            -0.0009092469445057269,
            0.9999837114301181,
            -0.005634726651773993
        ],
        [
            -0.03397903616651743,
            0.005600580323389844,
            0.9994068533891669
        ]
    ],
    "T": [
        [
            -93.7138967069419
        ],
        [
            0.2682550489205823
        ],
        [
            3.8143574752771774
        ]
    ],
    "E": [
        [
            -0.005646855129475015,
            -3.812792960900252,
            0.2895887960728138
        ],
        [
            0.6278453954803882,
            0.5290486483837703,
            93.78789728230181
        ],
        [
            -0.18289095873247885,
            -93.71266536779957,
            0.5189386579161884
        ]
    ],
    "F": [
        [
            -2.3635583731739355e-09,
            -1.599003005668688e-06,
            0.0006974711541496616
        ],
        [
            2.6269587487567394e-07,
            2.2179028501662414e-07,
            0.03831252223510894
        ],
        [
            -0.0001624740093697759,
            -0.03798028861196415,
            1.0
        ]
    ],
    "left_camera_matrix": [
        [
            982.6092245580564,
            0.0,
            634.4875499001336
        ],
        [
            0.0,
            980.6961415333275,
            360.76769051716457
        ],
        [
            0.0,
            0.0,
            1.0
        ]
    ],
    "right_camera_matrix": [
        [
            989.4622526566694,
            0.0,
            613.55919957331
        ],
        [
            0.0,
            989.8249071672162,
            335.6721285759285
        ],
        [
            0.0,
            0.0,
            1.0
        ]
    ],
    "left_distortion": [
        -0.5553273388834578,
        0.46623843458720193,
        0.0017533758427258099,
        -0.0012195212670231615,
        -0.2490172142747216
    ],
    "right_distortion": [
        -0.5172544193761841,
        0.3436908271415489,
        0.001095094351449141,
        0.007036740613665229,
        -0.1014769554729703
    ]
}